Journal Title,MEDLINE Abbreviation,ISSN (Print),ISSN (Online),Country,Categories,Start Year,NLM ID
Acta haematologica.,Acta Haematol,0001-5792,1421-9662,Switzerland,Hematology,1948,0141053
"American journal of cardiovascular drugs : drugs, devices, and other interventions.",Am J Cardiovasc Drugs,1175-3277,1179-187X,New Zealand,Cardiology; Drug Therapy; Vascular Diseases,2001,100967755
American journal of hematology.,Am J Hematol,0361-8609,1096-8652,United States,Hematology,1976,7610369
American journal of hypertension.,Am J Hypertens,0895-7061,1941-7225,United States,Vascular Diseases,1988,8803676
Angiogenesis.,Angiogenesis,0969-6970,1573-7209,Germany,Hematology,1997,9814575
Angiology.,Angiology,0003-3197,1940-1574,United States,Vascular Diseases,1950,0203706
Annales de cardiologie et d'angéiologie.,Ann Cardiol Angeiol (Paris),0003-3928,1768-3181,France,Cardiology; Vascular Diseases,1968,0142167
Annals of hematology.,Ann Hematol,0939-5555,1432-0584,Germany,Hematology,1991,9107334
Annals of thoracic and cardiovascular surgery : official journal of the Association of Thoracic and Cardiovascular Surgeons of Asia.,Ann Thorac Cardiovasc Surg,1341-1098,2186-1005,Japan,Cardiology; General Surgery; Pulmonary Medicine; Vascular Diseases,1995,9703158
Annals of vascular surgery.,Ann Vasc Surg,0890-5096,1615-5947,Netherlands,General Surgery; Vascular Diseases,1986,8703941
Archives of cardiovascular diseases.,Arch Cardiovasc Dis,1875-2136,1875-2128,Netherlands,Cardiology; Vascular Diseases,2008,101465655
"Arteriosclerosis, thrombosis, and vascular biology.",Arterioscler Thromb Vasc Biol,1079-5642,1524-4636,United States,Vascular Diseases,1995,9505803
Asian cardiovascular & thoracic annals.,Asian Cardiovasc Thorac Ann,0218-4923,1816-5370,England,Cardiology; Pulmonary Medicine; Vascular Diseases,1993,9503417
Atherosclerosis.,Atherosclerosis,0021-9150,1879-1484,Ireland,Vascular Diseases,1970,0242543
BMC cardiovascular disorders.,BMC Cardiovasc Disord,,1471-2261,England,Cardiology; Vascular Diseases,2001,100968539
Best practice & research. Clinical haematology.,Best Pract Res Clin Haematol,1521-6926,1532-1924,Netherlands,Hematology,2001,101120659
Blood advances.,Blood Adv,2473-9529,2473-9537,United States,Hematology,2016,101698425
Blood cancer discovery.,Blood Cancer Discov,2643-3230,2643-3249,United States,Hematology; Neoplasms,2020,101764786
Blood cancer journal.,Blood Cancer J,,2044-5385,United States,Allergy and Immunology; Hematology; Neoplasms,2011,101568469
"Blood cells, molecules & diseases.",Blood Cells Mol Dis,1079-9796,1096-0961,United States,Hematology,1995,9509932
Blood coagulation & fibrinolysis : an international journal in haemostasis and thrombosis.,Blood Coagul Fibrinolysis,0957-5235,1473-5733,England,Hematology; Vascular Diseases,1990,9102551
Blood pressure monitoring.,Blood Press Monit,1359-5237,1473-5725,England,Vascular Diseases,1996,9606438
Blood pressure.,Blood Press,0803-7051,1651-1999,England,Vascular Diseases,1992,9301454
Blood purification.,Blood Purif,0253-5068,1421-9735,Switzerland,Hematology,1983,8402040
Blood reviews.,Blood Rev,0268-960X,1532-1681,England,Hematology,1987,8708558
Blood transfusion = Trasfusione del sangue.,Blood Transfus,1723-2007,2385-2070,Italy,Hematology,2003,101237479
Blood.,Blood,0006-4971,1528-0020,United States,Hematology,1946,7603509
Brazilian journal of cardiovascular surgery.,Braz J Cardiovasc Surg,0102-7638,1678-9741,Brazil,Cardiology; General Surgery; Vascular Diseases,2015,101677045
British journal of haematology.,Br J Haematol,0007-1048,1365-2141,England,Hematology,1955,0372544
Cardiology in review.,Cardiol Rev,1061-5377,1538-4683,United States,Cardiology; Vascular Diseases,1993,9304686
Cardiology in the young.,Cardiol Young,1047-9511,1467-1107,England,Cardiology; Pediatrics; Vascular Diseases,1991,9200019
Cardiovascular & hematological agents in medicinal chemistry.,Cardiovasc Hematol Agents Med Chem,1871-5257,1875-6182,Netherlands,Cardiology; Chemistry; Hematology; Pharmacology; Vascular Diseases,2006,101266881
Cardiovascular & hematological disorders drug targets.,Cardiovasc Hematol Disord Drug Targets,1871-529X,2212-4063,United Arab Emirates,Cardiology; Drug Therapy; Hematology; Vascular Diseases,2006,101269160
Cardiovascular and interventional radiology.,Cardiovasc Intervent Radiol,0174-1551,1432-086X,United States,Cardiology; Radiology; Vascular Diseases,1980,8003538
Cardiovascular diabetology.,Cardiovasc Diabetol,,1475-2840,England,Cardiology; Endocrinology; Vascular Diseases,2002,101147637
Cardiovascular drugs and therapy,Cardiovasc Drugs Ther,0920-3206,1573-7241,United States,Cardiology; Drug Therapy; Vascular Diseases,1987,8712220
Cardiovascular engineering and technology.,Cardiovasc Eng Technol,1869-408X,1869-4098,United States,Biomedical Engineering; Cardiology; Vascular Diseases,2010,101531846
Cardiovascular intervention and therapeutics.,Cardiovasc Interv Ther,1868-4300,1868-4297,Japan,Cardiology; Therapeutics; Vascular Diseases,2010,101522043
Cardiovascular journal of Africa.,Cardiovasc J Afr,1995-1892,1680-0745,South Africa,Cardiology; Vascular Diseases,2007,101313864
Cardiovascular pathology : the official journal of the Society for Cardiovascular Pathology.,Cardiovasc Pathol,1054-8807,1879-1336,United States,Cardiology; Pathology; Vascular Diseases,1992,9212060
Cardiovascular research.,Cardiovasc Res,0008-6363,1755-3245,England,Cardiology; Vascular Diseases,1967,0077427
Cardiovascular revascularization medicine : including molecular interventions.,Cardiovasc Revasc Med,1553-8389,1878-0938,United States,Cardiology; Vascular Diseases,2005,101238551
Cardiovascular therapeutics.,Cardiovasc Ther,1755-5914,1755-5922,England,Cardiology; Therapeutics; Vascular Diseases,2008,101319630
Cardiovascular toxicology.,Cardiovasc Toxicol,1530-7905,1559-0259,United States,Cardiology; Toxicology; Vascular Diseases,2001,101135818
Cardiovascular ultrasound.,Cardiovasc Ultrasound,,1476-7120,England,Cardiology; Diagnostic Imaging; Vascular Diseases,2003,101159952
Cerebrovascular diseases extra.,Cerebrovasc Dis Extra,,1664-5456,Switzerland,Vascular Diseases,2011,101577885
Cerebrovascular diseases.,Cerebrovasc Dis,1015-9770,1421-9786,Switzerland,Brain; Vascular Diseases,1991,9100851
Circulation journal : official journal of the Japanese Circulation Society,Circ J,1346-9843,1347-4820,Japan,Cardiology; Vascular Diseases,2002,101137683
Circulation research.,Circ Res,0009-7330,1524-4571,United States,Cardiology; Vascular Diseases,1953,0047103
Circulation.,Circulation,0009-7322,1524-4539,United States,Cardiology; Vascular Diseases,1950,0147763
Circulation. Arrhythmia and electrophysiology.,Circ Arrhythm Electrophysiol,1941-3149,1941-3084,United States,Cardiology; Vascular Diseases,2008,101474365
Circulation. Cardiovascular imaging.,Circ Cardiovasc Imaging,1941-9651,1942-0080,United States,Cardiology; Diagnostic Imaging; Vascular Diseases,2008,101479935
Circulation. Cardiovascular interventions.,Circ Cardiovasc Interv,1941-7640,1941-7632,United States,Cardiology; Vascular Diseases,2008,101499602
Circulation. Genomic and precision medicine.,Circ Genom Precis Med,,2574-8300,United States,"Cardiology; Genetics, Medical; Vascular Diseases",2018,101714113
Circulation. Heart failure.,Circ Heart Fail,1941-3289,1941-3297,United States,Cardiology; Vascular Diseases,2008,101479941
Circulation. Population health and outcomes.,Circ Popul Health Outcomes,,3068-563X,United States,Cardiology; Vascular Diseases,2026,9919227857106676
Clinical advances in hematology & oncology : H&O.,Clin Adv Hematol Oncol,1543-0790,,United States,Hematology; Neoplasms,2003,101167661
Clinical and applied thrombosis/hemostasis : official journal of the International Academy of Clinical and Applied Thrombosis/Hemostasis.,Clin Appl Thromb Hemost,1076-0296,1938-2723,United States,Vascular Diseases,1995,9508125
Clinical and experimental hypertension : CHE.,Clin Exp Hypertens,1064-1963,1525-6006,England,Vascular Diseases,1993,9305929
Clinical hemorheology and microcirculation.,Clin Hemorheol Microcirc,1386-0291,1875-8622,United States,Hematology; Vascular Diseases,1997,9709206
Clínica e investigación en arteriosclerosis : publicación oficial de la Sociedad Española de Arteriosclerosis.,Clin Investig Arterioscler,0214-9168,1578-1879,Spain,Vascular Diseases,1989,9208512
Coronary artery disease.,Coron Artery Dis,0954-6928,1473-5830,England,Cardiology; Vascular Diseases,1990,9011445
Critical reviews in oncology/hematology.,Crit Rev Oncol Hematol,1040-8428,1879-0461,Netherlands,Hematology; Neoplasms,1983,8916049
Current atherosclerosis reports.,Curr Atheroscler Rep,1523-3804,1534-6242,United States,Vascular Diseases,1999,100897685
Current hematologic malignancy reports.,Curr Hematol Malig Rep,1558-8211,1558-822X,United States,Hematology; Neoplasms,2006,101262565
Current hypertension reports.,Curr Hypertens Rep,1522-6417,1534-3111,United States,Vascular Diseases,1999,100888982
Current hypertension reviews.,Curr Hypertens Rev,1573-4021,1875-6506,United Arab Emirates,Vascular Diseases,2005,101239891
Current neurovascular research.,Curr Neurovasc Res,1567-2026,1875-5739,United Arab Emirates,Neurology; Vascular Diseases,2004,101208439
Current opinion in hematology.,Curr Opin Hematol,1065-6251,1531-7048,United States,Hematology,1993,9430802
Current opinion in nephrology and hypertension.,Curr Opin Nephrol Hypertens,1062-4821,1473-6543,England,Nephrology; Vascular Diseases,1992,9303753
Current vascular pharmacology.,Curr Vasc Pharmacol,1570-1611,1875-6212,United Arab Emirates,Pharmacology; Vascular Diseases,2003,101157208
Diabetes & vascular disease research.,Diab Vasc Dis Res,1479-1641,1752-8984,England,Endocrinology; Vascular Diseases,2004,101234011
EuroIntervention : journal of EuroPCR in collaboration with the Working Group on Interventional Cardiology of the European Society of Cardiology.,EuroIntervention,1774-024X,1969-6213,France,Cardiology; Therapeutics; Vascular Diseases,2005,101251040
European heart journal. Cardiovascular pharmacotherapy.,Eur Heart J Cardiovasc Pharmacother,2055-6837,2055-6845,England,Cardiology; Drug Therapy; Pharmacology; Vascular Diseases,2015,101669491
European heart journal. Quality of care & clinical outcomes.,Eur Heart J Qual Care Clin Outcomes,2058-5225,2058-1742,England,Cardiology; Vascular Diseases,2015,101677796
European journal of cardiovascular nursing.,Eur J Cardiovasc Nurs,1474-5151,1873-1953,England,Cardiology; Nursing; Vascular Diseases,2002,101128793
European journal of haematology.,Eur J Haematol,0902-4441,1600-0609,England,Hematology,1987,8703985
European journal of preventive cardiology.,Eur J Prev Cardiol,2047-4873,2047-4881,England,Cardiology; Vascular Diseases,2012,101564430
European journal of vascular and endovascular surgery : the official journal of the European Society for Vascular Surgery.,Eur J Vasc Endovasc Surg,1078-5884,1532-2165,England,General Surgery; Vascular Diseases,1995,9512728
European stroke journal.,Eur Stroke J,2396-9873,2396-9881,England,Brain; Vascular Diseases,2016,101688446
Experimental hematology.,Exp Hematol,0301-472X,1873-2399,Netherlands,Hematology,1973,0402313
Expert review of cardiovascular therapy.,Expert Rev Cardiovasc Ther,1477-9072,1744-8344,England,Cardiology; Therapeutics; Vascular Diseases,2003,101182328
Expert review of hematology.,Expert Rev Hematol,1747-4086,1747-4094,England,Hematology,2008,101485942
General thoracic and cardiovascular surgery.,Gen Thorac Cardiovasc Surg,1863-6705,1863-6713,Japan,Cardiology; General Surgery; Pulmonary Medicine; Vascular Diseases,2007,101303952
Global heart.,Glob Heart,2211-8160,2211-8179,England,Cardiology; Vascular Diseases,2011,101584391
Haematologica.,Haematologica,0390-6078,1592-8721,Italy,Hematology,1920,0417435
Haemophilia : the official journal of the World Federation of Hemophilia.,Haemophilia,1351-8216,1365-2516,England,Hematology,1995,9442916
"Heart, lung & circulation",Heart Lung Circ,1443-9506,1444-2892,Australia,Cardiology; Pulmonary Medicine; Vascular Diseases,2000,100963739
Hematological oncology.,Hematol Oncol,0278-0232,1099-1069,England,Hematology; Neoplasms,1983,8307268
Hematology,Hematology Am Soc Hematol Educ Program,1520-4391,1520-4383,United States,Hematology,1980,100890099
Hematology.,Hematology,1024-5332,1607-8454,England,Hematology,1996,9708388
Hematology/oncology and stem cell therapy.,Hematol Oncol Stem Cell Ther,1658-3876,2589-0646,India,Hematology; Neoplasms,2008,101468532
Hematology/oncology clinics of North America.,Hematol Oncol Clin North Am,0889-8588,1558-1977,United States,Hematology; Neoplasms,1987,8709473
Hemoglobin.,Hemoglobin,0363-0269,1532-432X,England,Hematology,1976,7705865
High blood pressure & cardiovascular prevention : the official journal of the Italian Society of Hypertension.,High Blood Press Cardiovasc Prev,1120-9879,1179-1985,New Zealand,Cardiology; Vascular Diseases,1992,9421087
Hypertension in pregnancy.,Hypertens Pregnancy,1064-1955,1525-6065,England,Obstetrics; Vascular Diseases,1993,9421297
Hypertension research : official journal of the Japanese Society of Hypertension.,Hypertens Res,0916-9636,1348-4214,England,Vascular Diseases,1992,9307690
Hypertension.,Hypertension,0194-911X,1524-4563,United States,Vascular Diseases,1979,7906255
Immunohematology,Immunohematology,0894-203X,1930-3955,United States,Allergy and Immunology; Hematology,1984,8806387
Innovations : technology and techniques in cardiothoracic and vascular surgery.,Innovations (Phila),1556-9845,1559-0879,United States,Cardiology; General Surgery; Vascular Diseases,2005,101257528
Interdisciplinary cardiovascular and thoracic surgery.,Interdiscip Cardiovasc Thorac Surg,,2753-670X,England,Cardiology; General Surgery; Pulmonary Medicine; Vascular Diseases,2022,9918540787006676
International angiology : a journal of the International Union of Angiology.,Int Angiol,0392-9590,1827-1839,Italy,Vascular Diseases,1982,8402693
International journal of hematology.,Int J Hematol,0925-5710,1865-3774,Japan,Hematology,1991,9111627
International journal of laboratory hematology.,Int J Lab Hematol,1751-5521,1751-553X,England,Hematology,2007,101300213
International journal of stroke : official journal of the International Stroke Society.,Int J Stroke,1747-4930,1747-4949,United States,Vascular Diseases,2006,101274068
JACC. Cardiovascular imaging.,JACC Cardiovasc Imaging,1936-878X,1876-7591,United States,Cardiology; Diagnostic Imaging; Vascular Diseases,2008,101467978
JACC. Cardiovascular interventions.,JACC Cardiovasc Interv,1936-8798,1876-7605,United States,Cardiology; Vascular Diseases,2008,101467004
JMIR cardio.,JMIR Cardio,,2561-1011,Canada,Cardiology; Vascular Diseases,2017,101718325
Journal of atherosclerosis and thrombosis.,J Atheroscler Thromb,1340-3478,1880-3873,Japan,Vascular Diseases,1994,9506298
Journal of cardiovascular computed tomography.,J Cardiovasc Comput Tomogr,1934-5925,1876-861X,United States,Cardiology; Radiology; Vascular Diseases,2007,101308347
Journal of cardiovascular electrophysiology.,J Cardiovasc Electrophysiol,1045-3873,1540-8167,United States,Cardiology; Physiology; Vascular Diseases,1990,9010756
Journal of cardiovascular magnetic resonance : official journal of the Society for Cardiovascular Magnetic Resonance.,J Cardiovasc Magn Reson,1097-6647,1532-429X,England,Cardiology; Diagnostic Imaging; Vascular Diseases,1998,9815616
Journal of cardiovascular medicine.,J Cardiovasc Med (Hagerstown),1558-2027,1558-2035,United States,Cardiology; Vascular Diseases,2006,101259752
Journal of cardiovascular pharmacology and therapeutics.,J Cardiovasc Pharmacol Ther,1074-2484,1940-4034,United States,Cardiology; Pharmacology; Vascular Diseases,1996,9602617
Journal of cardiovascular translational research.,J Cardiovasc Transl Res,1937-5387,1937-5395,United States,Cardiology; Vascular Diseases,2008,101468585
Journal of cerebral blood flow and metabolism : official journal of the International Society of Cerebral Blood Flow and Metabolism.,J Cereb Blood Flow Metab,0271-678X,1559-7016,United States,Brain; Metabolism; Vascular Diseases,1981,8112566
Journal of clinical and experimental hematopathology : JCEH.,J Clin Exp Hematop,1346-4280,1880-9952,Japan,Hematology; Pathology,2001,101141257
Journal of clinical apheresis.,J Clin Apher,0733-2459,1098-1101,United States,Hematology,1982,8216305
Journal of endovascular therapy : an official journal of the International Society of Endovascular Specialists.,J Endovasc Ther,1526-6028,1545-1550,United States,Vascular Diseases,2000,100896915
Journal of hematology & oncology.,J Hematol Oncol,,1756-8722,England,Hematology; Neoplasms,2008,101468937
Journal of hematopathology.,J Hematop,1868-9256,1865-5785,Germany,Hematology,2008,101491976
Journal of human hypertension.,J Hum Hypertens,0950-9240,1476-5527,England,Vascular Diseases,1987,8811625
Journal of hypertension.,J Hypertens,0263-6352,1473-5598,Netherlands,Vascular Diseases,1983,8306882
Journal of pediatric hematology/oncology.,J Pediatr Hematol Oncol,1077-4114,1536-3678,United States,Hematology; Neoplasms; Pediatrics,1995,9505928
Journal of stroke and cerebrovascular diseases : the official journal of National Stroke Association.,J Stroke Cerebrovasc Dis,1052-3057,1532-8511,United States,Brain; Vascular Diseases,1991,9111633
Journal of the American Heart Association.,J Am Heart Assoc,,2047-9980,England,Cardiology; Vascular Diseases,2012,101580524
Journal of thrombosis and haemostasis : JTH.,J Thromb Haemost,1538-7933,1538-7836,England,Hematology,2003,101170508
Journal of thrombosis and thrombolysis.,J Thromb Thrombolysis,0929-5305,1573-742X,Netherlands,Vascular Diseases,1994,9502018
Journal of vascular and interventional radiology : JVIR.,J Vasc Interv Radiol,1051-0443,1535-7732,United States,Radiology; Vascular Diseases,1990,9203369
Journal of vascular nursing : official publication of the Society for Peripheral Vascular Nursing.,J Vasc Nurs,1062-0303,1532-6578,United States,Nursing; Vascular Diseases,1990,9014475
Journal of vascular research.,J Vasc Res,1018-1172,1423-0135,Switzerland,Vascular Diseases,1992,9206092
Journal of vascular surgery.,J Vasc Surg,0741-5214,1097-6809,United States,General Surgery; Vascular Diseases,1984,8407742
Journal of vascular surgery. Venous and lymphatic disorders.,J Vasc Surg Venous Lymphat Disord,2213-333X,2213-3348,United States,General Surgery; Vascular Diseases,2013,101607771
Leukemia & lymphoma.,Leuk Lymphoma,1042-8194,1029-2403,United States,Hematology; Neoplasms,1989,9007422
Leukemia.,Leukemia,0887-6924,1476-5551,England,Hematology; Neoplasms,1987,8704895
Methodist DeBakey cardiovascular journal.,Methodist Debakey Cardiovasc J,1947-6094,1947-6108,United States,Cardiology; Vascular Diseases,2009,101508600
"Microcirculation : the official journal of the Microcirculatory Society, Inc.",Microcirculation,1073-9688,1549-8719,United States,Vascular Diseases,1994,9434935
Microvascular research.,Microvasc Res,0026-2862,1095-9319,United States,Vascular Diseases,1968,0165035
Nature cardiovascular research.,Nat Cardiovasc Res,,2731-0590,England,Cardiology; Vascular Diseases,2022,9918284280206676
"Nutrition, metabolism, and cardiovascular diseases : NMCD.",Nutr Metab Cardiovasc Dis,0939-4753,1590-3729,Netherlands,Cardiology; Metabolism; Nutritional Sciences; Vascular Diseases,1991,9111474
Pediatric blood & cancer.,Pediatr Blood Cancer,1545-5009,1545-5017,United States,Hematology; Neoplasms; Pediatrics,2004,101186624
Pediatric hematology and oncology.,Pediatr Hematol Oncol,0888-0018,1521-0669,England,Hematology; Neoplasms; Pediatrics,1986,8700164
Phlebology,Phlebology,0268-3555,1758-1125,England,Vascular Diseases,1986,9012921
Platelets.,Platelets,0953-7104,1369-1635,England,Hematology,1990,9208117
Portuguese journal of cardiac thoracic and vascular surgery.,Port J Card Thorac Vasc Surg,,2184-9927,Portugal,Cardiology; General Surgery; Vascular Diseases,2021,9918249514506676
Pregnancy hypertension.,Pregnancy Hypertens,2210-7789,2210-7797,Netherlands,Gynecology; Vascular Diseases,2011,101552483
Progress in cardiovascular diseases.,Prog Cardiovasc Dis,0033-0620,1873-1740,United States,Cardiology; Vascular Diseases,1958,0376442
Research and practice in thrombosis and haemostasis.,Res Pract Thromb Haemost,,2475-0379,United States,Vascular Diseases,2017,101703775
Scandinavian cardiovascular journal : SCJ.,Scand Cardiovasc J,1401-7431,1651-2006,England,Cardiology; Vascular Diseases,1997,9708377
Seminars in hematology.,Semin Hematol,0037-1963,1532-8686,United States,Hematology,1964,0404514
Seminars in thoracic and cardiovascular surgery.,Semin Thorac Cardiovasc Surg,1043-0679,1532-9488,United States,Cardiology; General Surgery; Pulmonary Medicine; Vascular Diseases,1989,8917640
Seminars in thoracic and cardiovascular surgery. Pediatric cardiac surgery annual.,Semin Thorac Cardiovasc Surg Pediatr Card Surg Annu,1092-9126,,United States,Cardiology; General Surgery; Pulmonary Medicine; Vascular Diseases,1998,9815944
Seminars in thrombosis and hemostasis.,Semin Thromb Hemost,0094-6176,1098-9064,United States,Hematology; Vascular Diseases,1974,0431155
Seminars in vascular surgery.,Semin Vasc Surg,0895-7967,1558-4518,United States,General Surgery; Vascular Diseases,1988,8809602
Shock.,Shock,1073-2322,1540-0514,United States,Cardiology; Vascular Diseases,1994,9421564
Stem cells and development.,Stem Cells Dev,1547-3287,1557-8534,United States,Cell Biology; Hematology,2004,101197107
Stroke and vascular neurology.,Stroke Vasc Neurol,2059-8688,2059-8696,England,Neurology; Vascular Diseases,2016,101689996
Stroke.,Stroke,0039-2499,1524-4628,United States,Brain; Vascular Diseases,1970,0235266
Techniques in vascular and interventional radiology.,Tech Vasc Interv Radiol,1089-2516,1557-9808,United States,Radiology; Vascular Diseases,1998,9806675
The Journal of cardiovascular nursing.,J Cardiovasc Nurs,0889-4655,1550-5049,United States,Cardiology; Nursing; Vascular Diseases,1986,8703516
The Journal of cardiovascular surgery.,J Cardiovasc Surg (Torino),0021-9509,1827-191X,Italy,Cardiology; General Surgery; Vascular Diseases,1960,0066127
The Journal of thoracic and cardiovascular surgery.,J Thorac Cardiovasc Surg,0022-5223,1097-685X,United States,Cardiology; General Surgery; Pulmonary Medicine; Vascular Diseases,1959,0376343
The Lancet. Haematology.,Lancet Haematol,,2352-3026,England,Hematology; Neoplasms,2014,101643584
The Thoracic and cardiovascular surgeon.,Thorac Cardiovasc Surg,0171-6425,1439-1902,Germany,Cardiology; General Surgery; Pulmonary Medicine; Vascular Diseases,1979,7903387
The journal of clinical hypertension.,J Clin Hypertens (Greenwich),1524-6175,1751-7176,United States,Vascular Diseases,1999,100888554
The journal of vascular access.,J Vasc Access,1129-7298,1724-6032,United States,Vascular Diseases,2000,100940729
Therapeutic advances in cardiovascular disease.,Ther Adv Cardiovasc Dis,1753-9447,1753-9455,England,Cardiology; Therapeutics; Vascular Diseases,2007,101316343
"Therapeutic apheresis and dialysis : official peer-reviewed journal of the International Society for Apheresis, the Japanese Society for Apheresis, the Japanese Society for Dialysis Therapy.",Ther Apher Dial,1744-9979,1744-9987,Australia,Hematology,2003,101181252
Thrombosis and haemostasis.,Thromb Haemost,0340-6245,2567-689X,Germany,Hematology; Vascular Diseases,1976,7608063
Thrombosis research.,Thromb Res,0049-3848,1879-2472,United States,Vascular Diseases,1972,0326377
Topics in stroke rehabilitation.,Top Stroke Rehabil,1074-9357,1945-5119,England,Physical and Rehabilitation Medicine; Vascular Diseases,1994,9439750
Transfusion and apheresis science : official journal of the World Apheresis Association : official journal of the European Society for Haemapheresis.,Transfus Apher Sci,1473-0502,,England,Hematology,2001,101095653
Transfusion clinique et biologique : journal de la Société française de transfusion sanguine.,Transfus Clin Biol,1246-7820,1953-8022,France,Hematology,1994,9423846
Transfusion medicine reviews.,Transfus Med Rev,0887-7963,1532-9496,United States,Hematology,1987,8709027
Transfusion medicine.,Transfus Med,0958-7578,1365-3148,England,Hematology,1991,9301182
Transfusion.,Transfusion,0041-1132,1537-2995,United States,Hematology,1961,0417360
Translational stroke research.,Transl Stroke Res,1868-4483,1868-601X,United States,Brain; Vascular Diseases,2010,101517297
Transplantation and cellular therapy.,Transplant Cell Ther,2666-6375,2666-6367,United States,Hematology; Transplantation,2021,101774629
Trends in cardiovascular medicine.,Trends Cardiovasc Med,1050-1738,1873-2615,United States,Cardiology; Vascular Diseases,1991,9108337
Turkish journal of haematology : official journal of Turkish Society of Haematology.,Turk J Haematol,1300-7777,1308-5263,Turkey,Hematology,1995,9606065
VASA. Zeitschrift für Gefässkrankheiten.,Vasa,0301-1526,1664-2872,Switzerland,Vascular Diseases,1972,0317051
Vascular and endovascular surgery.,Vasc Endovascular Surg,1538-5744,1938-9116,United States,Cardiology; General Surgery; Vascular Diseases,2002,101136421
Vascular diseases.,Vasc Dis (Paris),3050-659X,3050-6581,France,Vascular Diseases,2025,9919050936006676
Vascular health and risk management.,Vasc Health Risk Manag,1176-6344,1178-2048,New Zealand,Vascular Diseases,2005,101273479
Vascular medicine.,Vasc Med,1358-863X,1477-0377,England,Vascular Diseases,1996,9610930
Vascular pharmacology.,Vascul Pharmacol,1537-1891,1879-3649,United States,Pharmacology; Vascular Diseases,2002,101130615
Vascular.,Vascular,1708-5381,1708-539X,England,Cardiology; General Surgery; Vascular Diseases,2004,101196722
Vox sanguinis.,Vox Sang,0042-9007,1423-0410,England,Hematology,1953,0413606
Zhongguo shi yan xue ye xue za zhi,Zhongguo Shi Yan Xue Ye Xue Za Zhi,1009-2137,,China,Hematology,1993,101084424
Zhonghua xin xue guan bing za zhi.,Zhonghua Xin Xue Guan Bing Za Zhi,0253-3758,,China,Cardiology; Vascular Diseases,1973,7910682
Zhonghua xue ye xue za zhi = Zhonghua xueyexue zazhi.,Zhonghua Xue Ye Xue Za Zhi,0253-2727,2707-9740,China,Hematology,1980,8212398
[Rinshō ketsueki] The Japanese journal of clinical hematology.,Rinsho Ketsueki,0485-1439,1882-0824,Japan,Hematology,1960,2984782R
